order,destination,country,region,provider,image_url,author,license,source_url,wikitravel_url,local_file
1,Tokyo,Japan,Asia,unsplash,https://images.unsplash.com/photo-1545569341-9eb8b30979d9?crop=entropy&cs=tinysrgb&fit=max&fm=jpg&ixid=M3w5NjcyMDd8MHwxfHNlYXJjaHwxfHxUb2t5byUyMEphcGFufGVufDF8MHx8fDE3ODAzODc0NTh8MA&ixlib=rb-4.1.0&q=80&w=1080,Su San Lee,Unsplash License,https://unsplash.com/photos/pagoda-surrounded-by-trees-E_eWwM29wfU,,f:\Development\travel\private\products\Notion\Private & Shared\Ethical Travel 30 Destinations Worth the Journey\Destinations-Top-100-assets\tokyo.jpg
2,Kyoto,Japan,Asia,unsplash,https://images.unsplash.com/photo-1545569341-9eb8b30979d9?crop=entropy&cs=tinysrgb&fit=max&fm=jpg&ixid=M3w5NjcyMDd8MHwxfHNlYXJjaHwxfHxLeW90byUyMEphcGFufGVufDF8MHx8fDE3ODAzODc0NjB8MA&ixlib=rb-4.1.0&q=80&w=1080,Su San Lee,Unsplash License,https://unsplash.com/photos/pagoda-surrounded-by-trees-E_eWwM29wfU,,f:\Development\travel\private\products\Notion\Private & Shared\Ethical Travel 30 Destinations Worth the Journey\Destinations-Top-100-assets\kyoto.jpg
3,Osaka,Japan,Asia,unsplash,https://images.unsplash.com/photo-1589452271712-64b8a66c7b71?crop=entropy&cs=tinysrgb&fit=max&fm=jpg&ixid=M3w5NjcyMDd8MHwxfHNlYXJjaHwxfHxPc2FrYSUyMEphcGFufGVufDF8MHx8fDE3ODAzODc0NjF8MA&ixlib=rb-4.1.0&q=80&w=1080,Nomadic Julien,Unsplash License,https://unsplash.com/photos/people-walking-on-street-during-daytime-uBfK5i6j1B8,,f:\Development\travel\private\products\Notion\Private & Shared\Ethical Travel 30 Destinations Worth the Journey\Destinations-Top-100-assets\osaka.jpg
4,Bangkok,Thailand,Asia,unsplash,https://images.unsplash.com/photo-1563492065599-3520f775eeed?crop=entropy&cs=tinysrgb&fit=max&fm=jpg&ixid=M3w5NjcyMDd8MHwxfHNlYXJjaHwxfHxCYW5na29rJTIwVGhhaWxhbmR8ZW58MXwwfHx8MTc4MDM4NzQ2M3ww&ixlib=rb-4.1.0&q=80&w=1080,Alejandro Cartagena 🇲🇽🏳‍🌈,Unsplash License,https://unsplash.com/photos/orange-temples-during-daytime-B64B6-kAWlw,,f:\Development\travel\private\products\Notion\Private & Shared\Ethical Travel 30 Destinations Worth the Journey\Destinations-Top-100-assets\bangkok.jpg
5,Phuket,Thailand,Asia,unsplash,https://images.unsplash.com/photo-1552465011-b4e21bf6e79a?crop=entropy&cs=tinysrgb&fit=max&fm=jpg&ixid=M3w5NjcyMDd8MHwxfHNlYXJjaHwxfHxQaHVrZXQlMjBUaGFpbGFuZHxlbnwxfDB8fHwxNzgwMzg3NDY1fDA&ixlib=rb-4.1.0&q=80&w=1080,Sumit Chinchane,Unsplash License,https://unsplash.com/photos/five-brown-wooden-boats-jWKk-0ZBUyg,,f:\Development\travel\private\products\Notion\Private & Shared\Ethical Travel 30 Destinations Worth the Journey\Destinations-Top-100-assets\phuket.jpg
6,Singapore,Singapore,Asia,unsplash,https://images.unsplash.com/photo-1525625293386-3f8f99389edd?crop=entropy&cs=tinysrgb&fit=max&fm=jpg&ixid=M3w5NjcyMDd8MHwxfHNlYXJjaHwxfHxTaW5nYXBvcmUlMjBTaW5nYXBvcmV8ZW58MXwwfHx8MTc4MDM4NzQ2Nnww&ixlib=rb-4.1.0&q=80&w=1080,Hu Chen,Unsplash License,https://unsplash.com/photos/marina-bay-sands-singapore-__cBlRzLSTg,,f:\Development\travel\private\products\Notion\Private & Shared\Ethical Travel 30 Destinations Worth the Journey\Destinations-Top-100-assets\singapore.jpg
7,Bali,Indonesia,Asia,unsplash,https://images.unsplash.com/photo-1555400038-63f5ba517a47?crop=entropy&cs=tinysrgb&fit=max&fm=jpg&ixid=M3w5NjcyMDd8MHwxfHNlYXJjaHwxfHxCYWxpJTIwSW5kb25lc2lhfGVufDF8MHx8fDE3ODAzODc0Njh8MA&ixlib=rb-4.1.0&q=80&w=1080,Niklas Weiss,Unsplash License,https://unsplash.com/photos/green-rice-field--2WlTWZLnRc,,f:\Development\travel\private\products\Notion\Private & Shared\Ethical Travel 30 Destinations Worth the Journey\Destinations-Top-100-assets\bali.jpg
8,Dubai,UAE,Asia,unsplash,https://images.unsplash.com/photo-1512453979798-5ea266f8880c?crop=entropy&cs=tinysrgb&fit=max&fm=jpg&ixid=M3w5NjcyMDd8MHwxfHNlYXJjaHwxfHxEdWJhaSUyMFVBRXxlbnwxfDB8fHwxNzgwMzg3NDcwfDA&ixlib=rb-4.1.0&q=80&w=1080,David Rodrigo,Unsplash License,https://unsplash.com/photos/aerial-photo-of-city-highway-surrounded-by-high-rise-buildings-Fr6zexbmjmc,,f:\Development\travel\private\products\Notion\Private & Shared\Ethical Travel 30 Destinations Worth the Journey\Destinations-Top-100-assets\dubai.jpg
9,Abu Dhabi,UAE,Asia,unsplash,https://images.unsplash.com/photo-1512632578888-169bbbc64f33?crop=entropy&cs=tinysrgb&fit=max&fm=jpg&ixid=M3w5NjcyMDd8MHwxfHNlYXJjaHwxfHxBYnUlMjBEaGFiaSUyMFVBRXxlbnwxfDB8fHwxNzgwMzg3NDcyfDA&ixlib=rb-4.1.0&q=80&w=1080,David Rodrigo,Unsplash License,https://unsplash.com/photos/blue-and-beige-concrete-mosque-kZ1zThg6G40,,f:\Development\travel\private\products\Notion\Private & Shared\Ethical Travel 30 Destinations Worth the Journey\Destinations-Top-100-assets\abu-dhabi.jpg
10,Istanbul,Turkiye,Asia,unsplash,https://images.unsplash.com/photo-1623439844752-524658b16ce6?crop=entropy&cs=tinysrgb&fit=max&fm=jpg&ixid=M3w5NjcyMDd8MHwxfHNlYXJjaHwxfHxJc3RhbmJ1bCUyMFR1cmtpeWV8ZW58MXwwfHx8MTc4MDM4NzQ3NHww&ixlib=rb-4.1.0&q=80&w=1080,Ibrahim Uzun,Unsplash License,https://unsplash.com/photos/a-large-body-of-water-next-to-a-city-2uemAqyp9rk,,f:\Development\travel\private\products\Notion\Private & Shared\Ethical Travel 30 Destinations Worth the Journey\Destinations-Top-100-assets\istanbul.jpg
11,Seoul,South Korea,Asia,unsplash,https://images.unsplash.com/photo-1546874177-9e664107314e?crop=entropy&cs=tinysrgb&fit=max&fm=jpg&ixid=M3w5NjcyMDd8MHwxfHNlYXJjaHwxfHxTZW91bCUyMFNvdXRoJTIwS29yZWF8ZW58MXwwfHx8MTc4MDM4NzQ3NXww&ixlib=rb-4.1.0&q=80&w=1080,Yohan Cho,Unsplash License,https://unsplash.com/photos/lighted-city-skyline-at-night-Mwvhyd22Lyw,,f:\Development\travel\private\products\Notion\Private & Shared\Ethical Travel 30 Destinations Worth the Journey\Destinations-Top-100-assets\seoul.jpg
12,Busan,South Korea,Asia,unsplash,https://images.unsplash.com/photo-1591520284162-8e64eceebacf?crop=entropy&cs=tinysrgb&fit=max&fm=jpg&ixid=M3w5NjcyMDd8MHwxfHNlYXJjaHwxfHxCdXNhbiUyMFNvdXRoJTIwS29yZWF8ZW58MXwwfHx8MTc4MDM4NzQ3N3ww&ixlib=rb-4.1.0&q=80&w=1080,Thomas Roger Lux,Unsplash License,https://unsplash.com/photos/houses-near-body-of-water-during-daytime-xRAEPmP9M8s,,f:\Development\travel\private\products\Notion\Private & Shared\Ethical Travel 30 Destinations Worth the Journey\Destinations-Top-100-assets\busan.jpg
13,Hanoi,Vietnam,Asia,unsplash,https://images.unsplash.com/photo-1509030450996-dd1a26dda07a?crop=entropy&cs=tinysrgb&fit=max&fm=jpg&ixid=M3w5NjcyMDd8MHwxfHNlYXJjaHwxfHxIYW5vaSUyMFZpZXRuYW18ZW58MXwwfHx8MTc4MDM4NzQ3OXww&ixlib=rb-4.1.0&q=80&w=1080,Minh Luu (Minhluu.com & AA+Photography),Unsplash License,https://unsplash.com/photos/gray-high-rise-buildings-under-gray-clouds-during-golden-hour-XZHK8gR1xh4,,f:\Development\travel\private\products\Notion\Private & Shared\Ethical Travel 30 Destinations Worth the Journey\Destinations-Top-100-assets\hanoi.jpg
14,Ho Chi Minh City,Vietnam,Asia,unsplash,https://images.unsplash.com/photo-1583417319070-4a69db38a482?crop=entropy&cs=tinysrgb&fit=max&fm=jpg&ixid=M3w5NjcyMDd8MHwxfHNlYXJjaHwxfHxIbyUyMENoaSUyME1pbmglMjBDaXR5JTIwVmlldG5hbXxlbnwxfDB8fHwxNzgwMzg3NDgxfDA&ixlib=rb-4.1.0&q=80&w=1080,Tron Le,Unsplash License,https://unsplash.com/photos/city-skyline-during-night-time-wUk2U5Wirxg,,f:\Development\travel\private\products\Notion\Private & Shared\Ethical Travel 30 Destinations Worth the Journey\Destinations-Top-100-assets\ho-chi-minh-city.jpg
15,Hong Kong,China,Asia,unsplash,https://images.unsplash.com/photo-1620015092538-e33c665fc181?crop=entropy&cs=tinysrgb&fit=max&fm=jpg&ixid=M3w5NjcyMDd8MHwxfHNlYXJjaHwxfHxIb25nJTIwS29uZyUyMENoaW5hfGVufDF8MHx8fDE3ODAzODc0ODJ8MA&ixlib=rb-4.1.0&q=80&w=1080,M,Unsplash License,https://unsplash.com/photos/city-skyline-during-night-time-4vf1KEkD7Gc,,f:\Development\travel\private\products\Notion\Private & Shared\Ethical Travel 30 Destinations Worth the Journey\Destinations-Top-100-assets\hong-kong.jpg
16,Beijing,China,Asia,unsplash,https://images.unsplash.com/photo-1547981609-4b6bfe67ca0b?crop=entropy&cs=tinysrgb&fit=max&fm=jpg&ixid=M3w5NjcyMDd8MHwxfHNlYXJjaHwxfHxCZWlqaW5nJTIwQ2hpbmF8ZW58MXwwfHx8MTc4MDM4NzQ4NHww&ixlib=rb-4.1.0&q=80&w=1080,Ling Tang,Unsplash License,https://unsplash.com/photos/people-at-forbidden-city-in-china-during-daytime-yBroAF1cN3I,,f:\Development\travel\private\products\Notion\Private & Shared\Ethical Travel 30 Destinations Worth the Journey\Destinations-Top-100-assets\beijing.jpg
17,Shanghai,China,Asia,unsplash,https://images.unsplash.com/photo-1538428494232-9c0d8a3ab403?crop=entropy&cs=tinysrgb&fit=max&fm=jpg&ixid=M3w5NjcyMDd8MHwxfHNlYXJjaHwxfHxTaGFuZ2hhaSUyMENoaW5hfGVufDF8MHx8fDE3ODAzODc0ODZ8MA&ixlib=rb-4.1.0&q=80&w=1080,Edward He,Unsplash License,https://unsplash.com/photos/orient-pearl-shanghai-china-taken-during-daytime-uKyzXEc2k_s,,f:\Development\travel\private\products\Notion\Private & Shared\Ethical Travel 30 Destinations Worth the Journey\Destinations-Top-100-assets\shanghai.jpg
18,Delhi,India,Asia,unsplash,https://images.unsplash.com/photo-1587474260584-136574528ed5?crop=entropy&cs=tinysrgb&fit=max&fm=jpg&ixid=M3w5NjcyMDd8MHwxfHNlYXJjaHwxfHxEZWxoaSUyMEluZGlhfGVufDF8MHx8fDE3ODAzODc0ODh8MA&ixlib=rb-4.1.0&q=80&w=1080,shalender kumar,Unsplash License,https://unsplash.com/photos/brown-concrete-arch-under-blue-sky-during-daytime-XjKaPInYVCM,,f:\Development\travel\private\products\Notion\Private & Shared\Ethical Travel 30 Destinations Worth the Journey\Destinations-Top-100-assets\delhi.jpg
19,Mumbai,India,Asia,unsplash,https://images.unsplash.com/photo-1567157577867-05ccb1388e66?crop=entropy&cs=tinysrgb&fit=max&fm=jpg&ixid=M3w5NjcyMDd8MHwxfHNlYXJjaHwxfHxNdW1iYWklMjBJbmRpYXxlbnwxfDB8fHwxNzgwMzg3NDg5fDA&ixlib=rb-4.1.0&q=80&w=1080,Satyajeet Mazumdar,Unsplash License,https://unsplash.com/photos/people-walking-on-side-walk-beside-beach-fCsmYKhiHGo,,f:\Development\travel\private\products\Notion\Private & Shared\Ethical Travel 30 Destinations Worth the Journey\Destinations-Top-100-assets\mumbai.jpg
20,Jaipur,India,Asia,unsplash,https://images.unsplash.com/photo-1477587458883-47145ed94245?crop=entropy&cs=tinysrgb&fit=max&fm=jpg&ixid=M3w5NjcyMDd8MHwxfHNlYXJjaHwxfHxKYWlwdXIlMjBJbmRpYXxlbnwxfDB8fHwxNzgwMzg3NDkxfDA&ixlib=rb-4.1.0&q=80&w=1080,Aditya Siva,Unsplash License,https://unsplash.com/photos/man-in-white-and-green-long-sleeve-shirt-standing-near-brown-concrete-building-during-daytime-6rDbvXzIVpQ,,f:\Development\travel\private\products\Notion\Private & Shared\Ethical Travel 30 Destinations Worth the Journey\Destinations-Top-100-assets\jaipur.jpg
21,Cairo,Egypt,Africa,unsplash,https://images.unsplash.com/photo-1553913861-c0fddf2619ee?crop=entropy&cs=tinysrgb&fit=max&fm=jpg&ixid=M3w5NjcyMDd8MHwxfHNlYXJjaHwxfHxDYWlybyUyMEVneXB0fGVufDF8MHx8fDE3ODAzODc4ODZ8MA&ixlib=rb-4.1.0&q=80&w=1080,Spencer Davis,Unsplash License,https://unsplash.com/photos/person-walking-near-the-great-sphinx-ONVA6s03hg8,,f:\Development\travel\private\products\Notion\Private & Shared\Ethical Travel 30 Destinations Worth the Journey\Destinations-Top-100-assets\cairo.jpg
22,Giza,Egypt,Africa,unsplash,https://images.unsplash.com/photo-1553913861-c0fddf2619ee?crop=entropy&cs=tinysrgb&fit=max&fm=jpg&ixid=M3w5NjcyMDd8MHwxfHNlYXJjaHwxfHxHaXphJTIwRWd5cHR8ZW58MXwwfHx8MTc4MDM4Nzg4OHww&ixlib=rb-4.1.0&q=80&w=1080,Spencer Davis,Unsplash License,https://unsplash.com/photos/person-walking-near-the-great-sphinx-ONVA6s03hg8,,f:\Development\travel\private\products\Notion\Private & Shared\Ethical Travel 30 Destinations Worth the Journey\Destinations-Top-100-assets\giza.jpg
23,Marrakech,Morocco,Africa,unsplash,https://images.unsplash.com/photo-1597212618440-806262de4f6b?crop=entropy&cs=tinysrgb&fit=max&fm=jpg&ixid=M3w5NjcyMDd8MHwxfHNlYXJjaHwxfHxNYXJyYWtlY2glMjBNb3JvY2NvfGVufDF8MHx8fDE3ODAzODc4OTB8MA&ixlib=rb-4.1.0&q=80&w=1080,Paul Macallan,Unsplash License,https://unsplash.com/photos/brown-concrete-building-near-mountain-during-daytime-CFKksjYRSQ8,,f:\Development\travel\private\products\Notion\Private & Shared\Ethical Travel 30 Destinations Worth the Journey\Destinations-Top-100-assets\marrakech.jpg
24,Casablanca,Morocco,Africa,unsplash,https://images.unsplash.com/photo-1538230575309-59dfc388ae36?crop=entropy&cs=tinysrgb&fit=max&fm=jpg&ixid=M3w5NjcyMDd8MHwxfHNlYXJjaHwxfHxDYXNhYmxhbmNhJTIwTW9yb2Njb3xlbnwxfDB8fHwxNzgwMzg3ODkxfDA&ixlib=rb-4.1.0&q=80&w=1080,Hans-Jürgen Weinhardt,Unsplash License,https://unsplash.com/photos/concrete-building-with-tower-xijil3cOsis,,f:\Development\travel\private\products\Notion\Private & Shared\Ethical Travel 30 Destinations Worth the Journey\Destinations-Top-100-assets\casablanca.jpg
25,Cape Town,South Africa,Africa,unsplash,https://images.unsplash.com/photo-1580060839134-75a5edca2e99?crop=entropy&cs=tinysrgb&fit=max&fm=jpg&ixid=M3w5NjcyMDd8MHwxfHNlYXJjaHwxfHxDYXBlJTIwVG93biUyMFNvdXRoJTIwQWZyaWNhfGVufDF8MHx8fDE3ODAzODc4OTN8MA&ixlib=rb-4.1.0&q=80&w=1080,Tobias Reich,Unsplash License,https://unsplash.com/photos/aerial-view-of-city-near-mountain-during-daytime-1GgWbP74phY,,f:\Development\travel\private\products\Notion\Private & Shared\Ethical Travel 30 Destinations Worth the Journey\Destinations-Top-100-assets\cape-town.jpg
26,Johannesburg,South Africa,Africa,unsplash,https://images.unsplash.com/photo-1577948000111-9c970dfe3743?crop=entropy&cs=tinysrgb&fit=max&fm=jpg&ixid=M3w5NjcyMDd8MHwxfHNlYXJjaHwxfHxKb2hhbm5lc2J1cmclMjBTb3V0aCUyMEFmcmljYXxlbnwxfDB8fHwxNzgwMzg3ODk1fDA&ixlib=rb-4.1.0&q=80&w=1080,Clodagh Da Paixao,Unsplash License,https://unsplash.com/photos/aerial-photography-of-urban-city-skyline-during-daytime-xvJVDUoGpoU,,f:\Development\travel\private\products\Notion\Private & Shared\Ethical Travel 30 Destinations Worth the Journey\Destinations-Top-100-assets\johannesburg.jpg
27,Kruger National Park,South Africa,Africa,unsplash,https://images.unsplash.com/photo-1681829496174-e9b03398a0a9?crop=entropy&cs=tinysrgb&fit=max&fm=jpg&ixid=M3w5NjcyMDd8MHwxfHNlYXJjaHwxfHxLcnVnZXIlMjBOYXRpb25hbCUyMFBhcmslMjBTb3V0aCUyMEFmcmljYXxlbnwxfDB8fHwxNzgwMzg3ODk3fDA&ixlib=rb-4.1.0&q=80&w=1080,Theo Topolevsky,Unsplash License,https://unsplash.com/photos/an-elephant-crossing-the-road-in-front-of-a-car-pOTItAIy8us,,f:\Development\travel\private\products\Notion\Private & Shared\Ethical Travel 30 Destinations Worth the Journey\Destinations-Top-100-assets\kruger-national-park.jpg
28,Zanzibar,Tanzania,Africa,unsplash,https://images.unsplash.com/photo-1575999502951-4ab25b5ca889?crop=entropy&cs=tinysrgb&fit=max&fm=jpg&ixid=M3w5NjcyMDd8MHwxfHNlYXJjaHwxfHxaYW56aWJhciUyMFRhbnphbmlhfGVufDF8MHx8fDE3ODAzODc4OTh8MA&ixlib=rb-4.1.0&q=80&w=1080,Humphrey M,Unsplash License,https://unsplash.com/photos/island-e6dRLBx6Kg8,,f:\Development\travel\private\products\Notion\Private & Shared\Ethical Travel 30 Destinations Worth the Journey\Destinations-Top-100-assets\zanzibar.jpg
29,Serengeti National Park,Tanzania,Africa,unsplash,https://images.unsplash.com/photo-1566296524462-e0a341bf65e6?crop=entropy&cs=tinysrgb&fit=max&fm=jpg&ixid=M3w5NjcyMDd8MHwxfHNlYXJjaHwxfHxTZXJlbmdldGklMjBOYXRpb25hbCUyMFBhcmslMjBUYW56YW5pYXxlbnwxfDB8fHwxNzgwMzg3OTAwfDA&ixlib=rb-4.1.0&q=80&w=1080,Hendrik Cornelissen,Unsplash License,https://unsplash.com/photos/five-black-and-white-zebras-qs4E9t0hJc0,,f:\Development\travel\private\products\Notion\Private & Shared\Ethical Travel 30 Destinations Worth the Journey\Destinations-Top-100-assets\serengeti-national-park.jpg
30,Nairobi,Kenya,Africa,unsplash,https://images.unsplash.com/photo-1611348524140-53c9a25263d6?crop=entropy&cs=tinysrgb&fit=max&fm=jpg&ixid=M3w5NjcyMDd8MHwxfHNlYXJjaHwxfHxOYWlyb2JpJTIwS2VueWF8ZW58MXwwfHx8MTc4MDM4NzkwM3ww&ixlib=rb-4.1.0&q=80&w=1080,Amani Nation,Unsplash License,https://unsplash.com/photos/city-skyline-under-white-sky-during-daytime-LTh5pGyvKAM,,f:\Development\travel\private\products\Notion\Private & Shared\Ethical Travel 30 Destinations Worth the Journey\Destinations-Top-100-assets\nairobi.jpg
31,Maasai Mara,Kenya,Africa,unsplash,https://images.unsplash.com/photo-1547471080-7cc2caa01a7e?crop=entropy&cs=tinysrgb&fit=max&fm=jpg&ixid=M3w5NjcyMDd8MHwxfHNlYXJjaHwxfHxNYWFzYWklMjBNYXJhJTIwS2VueWF8ZW58MXwwfHx8MTc4MDM4NzkwNXww&ixlib=rb-4.1.0&q=80&w=1080,Damian Patkowski,Unsplash License,https://unsplash.com/photos/tree-between-green-land-during-golden-hour-T-LfvX-7IVg,,f:\Development\travel\private\products\Notion\Private & Shared\Ethical Travel 30 Destinations Worth the Journey\Destinations-Top-100-assets\maasai-mara.jpg
32,Victoria Falls,Zambia/Zimbabwe,Africa,unsplash,https://images.unsplash.com/photo-1627347456206-d3df7d8484b0?crop=entropy&cs=tinysrgb&fit=max&fm=jpg&ixid=M3w5NjcyMDd8MHwxfHNlYXJjaHwxfHxWaWN0b3JpYSUyMEZhbGxzJTIwWmFtYmlhJTJGWmltYmFid2V8ZW58MXwwfHx8MTc4MDM4NzkwN3ww&ixlib=rb-4.1.0&q=80&w=1080,Tanner Marquis,Unsplash License,https://unsplash.com/photos/water-falls-on-brown-rocky-mountain-during-daytime-xsypL99HP3Q,,f:\Development\travel\private\products\Notion\Private & Shared\Ethical Travel 30 Destinations Worth the Journey\Destinations-Top-100-assets\victoria-falls.jpg
33,Kigali,Rwanda,Africa,unsplash,https://images.unsplash.com/photo-1687986261123-b17f08f2796c?crop=entropy&cs=tinysrgb&fit=max&fm=jpg&ixid=M3w5NjcyMDd8MHwxfHNlYXJjaHwxfHxLaWdhbGklMjBSd2FuZGF8ZW58MXwwfHx8MTc4MDM4NzkwOHww&ixlib=rb-4.1.0&q=80&w=1080,Jean Claude Akarikumutima,Unsplash License,https://unsplash.com/photos/the-sun-is-setting-over-a-city-with-tall-buildings-b-HnOOPRfTI,,f:\Development\travel\private\products\Notion\Private & Shared\Ethical Travel 30 Destinations Worth the Journey\Destinations-Top-100-assets\kigali.jpg
34,Addis Ababa,Ethiopia,Africa,unsplash,https://images.unsplash.com/photo-1624314138470-5a2f24623f10?crop=entropy&cs=tinysrgb&fit=max&fm=jpg&ixid=M3w5NjcyMDd8MHwxfHNlYXJjaHwxfHxBZGRpcyUyMEFiYWJhJTIwRXRoaW9waWF8ZW58MXwwfHx8MTc4MDM4NzkxMHww&ixlib=rb-4.1.0&q=80&w=1080,Yohannes Minas,Unsplash License,https://unsplash.com/photos/body-of-water-near-city-buildings-during-daytime-YPLosSc3w6A,,f:\Development\travel\private\products\Notion\Private & Shared\Ethical Travel 30 Destinations Worth the Journey\Destinations-Top-100-assets\addis-ababa.jpg
35,Lagos,Nigeria,Africa,unsplash,https://images.unsplash.com/photo-1618828665011-0abd973f7bb8?crop=entropy&cs=tinysrgb&fit=max&fm=jpg&ixid=M3w5NjcyMDd8MHwxfHNlYXJjaHwxfHxMYWdvcyUyME5pZ2VyaWF8ZW58MXwwfHx8MTc4MDM4NzkxMnww&ixlib=rb-4.1.0&q=80&w=1080,Nupo Deyon Daniel,Unsplash License,https://unsplash.com/photos/aerial-view-of-city-buildings-during-daytime-67ruAEYmp4c,,f:\Development\travel\private\products\Notion\Private & Shared\Ethical Travel 30 Destinations Worth the Journey\Destinations-Top-100-assets\lagos.jpg
36,London,UK,Europe,unsplash,https://images.unsplash.com/photo-1486299267070-83823f5448dd?crop=entropy&cs=tinysrgb&fit=max&fm=jpg&ixid=M3w5NjcyMDd8MHwxfHNlYXJjaHwxfHxMb25kb24lMjBVS3xlbnwxfDB8fHwxNzgwMzg3OTEzfDA&ixlib=rb-4.1.0&q=80&w=1080,Marcin Nowak,Unsplash License,https://unsplash.com/photos/big-ben-london-iXqTqC-f6jI,,f:\Development\travel\private\products\Notion\Private & Shared\Ethical Travel 30 Destinations Worth the Journey\Destinations-Top-100-assets\london.jpg
37,Paris,France,Europe,unsplash,https://images.unsplash.com/photo-1499856871958-5b9627545d1a?crop=entropy&cs=tinysrgb&fit=max&fm=jpg&ixid=M3w5NjcyMDd8MHwxfHNlYXJjaHwxfHxQYXJpcyUyMEZyYW5jZXxlbnwxfDB8fHwxNzgwMzg3OTE1fDA&ixlib=rb-4.1.0&q=80&w=1080,Léonard Cotte,Unsplash License,https://unsplash.com/photos/bridge-during-night-time-R5scocnOOdM,,f:\Development\travel\private\products\Notion\Private & Shared\Ethical Travel 30 Destinations Worth the Journey\Destinations-Top-100-assets\paris.jpg
38,Rome,Italy,Europe,unsplash,https://images.unsplash.com/photo-1552832230-c0197dd311b5?crop=entropy&cs=tinysrgb&fit=max&fm=jpg&ixid=M3w5NjcyMDd8MHwxfHNlYXJjaHwxfHxSb21lJTIwSXRhbHl8ZW58MXwwfHx8MTc4MDM4NzkxN3ww&ixlib=rb-4.1.0&q=80&w=1080,David Köhler,Unsplash License,https://unsplash.com/photos/colosseum-arena-photography-VFRTXGw1VjU,,f:\Development\travel\private\products\Notion\Private & Shared\Ethical Travel 30 Destinations Worth the Journey\Destinations-Top-100-assets\rome.jpg
39,Venice,Italy,Europe,unsplash,https://images.unsplash.com/photo-1520175480921-4edfa2983e0f?crop=entropy&cs=tinysrgb&fit=max&fm=jpg&ixid=M3w5NjcyMDd8MHwxfHNlYXJjaHwxfHxWZW5pY2UlMjBJdGFseXxlbnwxfDB8fHwxNzgwMzg3OTE5fDA&ixlib=rb-4.1.0&q=80&w=1080,Dan Novac,Unsplash License,https://unsplash.com/photos/venice-grand-canal-italy-1naE8177_bI,,f:\Development\travel\private\products\Notion\Private & Shared\Ethical Travel 30 Destinations Worth the Journey\Destinations-Top-100-assets\venice.jpg
40,Florence,Italy,Europe,unsplash,https://images.unsplash.com/photo-1476362174823-3a23f4aa6d76?crop=entropy&cs=tinysrgb&fit=max&fm=jpg&ixid=M3w5NjcyMDd8MHwxfHNlYXJjaHwxfHxGbG9yZW5jZSUyMEl0YWx5fGVufDF8MHx8fDE3ODAzODc5MjF8MA&ixlib=rb-4.1.0&q=80&w=1080,Jonathan Körner,Unsplash License,https://unsplash.com/photos/white-and-brown-concrete-dome-building-during-daytime-pRU-VnBVJMQ,,f:\Development\travel\private\products\Notion\Private & Shared\Ethical Travel 30 Destinations Worth the Journey\Destinations-Top-100-assets\florence.jpg
41,Barcelona,Spain,Europe,unsplash,https://images.unsplash.com/photo-1583422409516-2895a77efded?crop=entropy&cs=tinysrgb&fit=max&fm=jpg&ixid=M3w5NjcyMDd8MHwxfHNlYXJjaHwxfHxCYXJjZWxvbmElMjBTcGFpbnxlbnwxfDB8fHwxNzgwMzg3OTIyfDA&ixlib=rb-4.1.0&q=80&w=1080,Logan Armstrong,Unsplash License,https://unsplash.com/photos/aerial-view-of-city-buildings-during-daytime-hVhfqhDYciU,,f:\Development\travel\private\products\Notion\Private & Shared\Ethical Travel 30 Destinations Worth the Journey\Destinations-Top-100-assets\barcelona.jpg
42,Madrid,Spain,Europe,unsplash,https://images.unsplash.com/photo-1543783207-ec64e4d95325?crop=entropy&cs=tinysrgb&fit=max&fm=jpg&ixid=M3w5NjcyMDd8MHwxfHNlYXJjaHwxfHxNYWRyaWQlMjBTcGFpbnxlbnwxfDB8fHwxNzgwMzg3OTI0fDA&ixlib=rb-4.1.0&q=80&w=1080,Jorge Fernández Salas,Unsplash License,https://unsplash.com/photos/city-scale-under-blue-sky-ChSZETOal-I,,f:\Development\travel\private\products\Notion\Private & Shared\Ethical Travel 30 Destinations Worth the Journey\Destinations-Top-100-assets\madrid.jpg
43,Lisbon,Portugal,Europe,unsplash,https://images.unsplash.com/photo-1585208798174-6cedd86e019a?crop=entropy&cs=tinysrgb&fit=max&fm=jpg&ixid=M3w5NjcyMDd8MHwxfHNlYXJjaHwxfHxMaXNib24lMjBQb3J0dWdhbHxlbnwxfDB8fHwxNzgwMzg3OTI2fDA&ixlib=rb-4.1.0&q=80&w=1080,Aayush Gupta,Unsplash License,https://unsplash.com/photos/yellow-and-white-tram-on-road-during-daytime-ljhCEaHYWJ8,,f:\Development\travel\private\products\Notion\Private & Shared\Ethical Travel 30 Destinations Worth the Journey\Destinations-Top-100-assets\lisbon.jpg
44,Porto,Portugal,Europe,unsplash,https://images.unsplash.com/photo-1555881400-74d7acaacd8b?crop=entropy&cs=tinysrgb&fit=max&fm=jpg&ixid=M3w5NjcyMDd8MHwxfHNlYXJjaHwxfHxQb3J0byUyMFBvcnR1Z2FsfGVufDF8MHx8fDE3ODAzODc5Mjd8MA&ixlib=rb-4.1.0&q=80&w=1080,Nick Karvounis,Unsplash License,https://unsplash.com/photos/boats-docked-near-seaside-promenade-Prb-sjOUBFs,,f:\Development\travel\private\products\Notion\Private & Shared\Ethical Travel 30 Destinations Worth the Journey\Destinations-Top-100-assets\porto.jpg
45,Amsterdam,Netherlands,Europe,unsplash,https://images.unsplash.com/photo-1534351590666-13e3e96b5017?crop=entropy&cs=tinysrgb&fit=max&fm=jpg&ixid=M3w5NjcyMDd8MHwxfHNlYXJjaHwxfHxBbXN0ZXJkYW0lMjBOZXRoZXJsYW5kc3xlbnwxfDB8fHwxNzgwMzg3OTI5fDA&ixlib=rb-4.1.0&q=80&w=1080,Adrien Olichon,Unsplash License,https://unsplash.com/photos/body-of-water-under-white-sky-QRtym77B6xk,,f:\Development\travel\private\products\Notion\Private & Shared\Ethical Travel 30 Destinations Worth the Journey\Destinations-Top-100-assets\amsterdam.jpg
46,Berlin,Germany,Europe,unsplash,https://images.unsplash.com/photo-1599946347371-68eb71b16afc?crop=entropy&cs=tinysrgb&fit=max&fm=jpg&ixid=M3w5NjcyMDd8MHwxfHNlYXJjaHwxfHxCZXJsaW4lMjBHZXJtYW55fGVufDF8MHx8fDE3ODAzODc5MzF8MA&ixlib=rb-4.1.0&q=80&w=1080,Florian Wehde,Unsplash License,https://unsplash.com/photos/city-buildings-near-body-of-water-during-daytime-1uWanmgkd5g,,f:\Development\travel\private\products\Notion\Private & Shared\Ethical Travel 30 Destinations Worth the Journey\Destinations-Top-100-assets\berlin.jpg
47,Munich,Germany,Europe,unsplash,https://images.unsplash.com/photo-1595867818082-083862f3d630?crop=entropy&cs=tinysrgb&fit=max&fm=jpg&ixid=M3w5NjcyMDd8MHwxfHNlYXJjaHwxfHxNdW5pY2glMjBHZXJtYW55fGVufDF8MHx8fDE3ODAzODc5MzN8MA&ixlib=rb-4.1.0&q=80&w=1080,ian kelsall,Unsplash License,https://unsplash.com/photos/aerial-view-of-city-buildings-during-sunset-MEUvVqkU3QI,,f:\Development\travel\private\products\Notion\Private & Shared\Ethical Travel 30 Destinations Worth the Journey\Destinations-Top-100-assets\munich.jpg
48,Vienna,Austria,Europe,unsplash,https://images.unsplash.com/photo-1516550893923-42d28e5677af?crop=entropy&cs=tinysrgb&fit=max&fm=jpg&ixid=M3w5NjcyMDd8MHwxfHNlYXJjaHwxfHxWaWVubmElMjBBdXN0cmlhfGVufDF8MHx8fDE3ODAzODc5MzR8MA&ixlib=rb-4.1.0&q=80&w=1080,Jacek Dylag,Unsplash License,https://unsplash.com/photos/aerial-photography-of-city-buildings-5SjAaqqCCmY,,f:\Development\travel\private\products\Notion\Private & Shared\Ethical Travel 30 Destinations Worth the Journey\Destinations-Top-100-assets\vienna.jpg
49,Prague,Czech Republic,Europe,unsplash,https://images.unsplash.com/photo-1592906209472-a36b1f3782ef?crop=entropy&cs=tinysrgb&fit=max&fm=jpg&ixid=M3w5NjcyMDd8MHwxfHNlYXJjaHwxfHxQcmFndWUlMjBDemVjaCUyMFJlcHVibGljfGVufDF8MHx8fDE3ODAzODc5MzZ8MA&ixlib=rb-4.1.0&q=80&w=1080,Ouael Ben Salah,Unsplash License,https://unsplash.com/photos/white-and-brown-boat-on-river-near-brown-concrete-building-during-daytime-S2Wek5-5oEc,,f:\Development\travel\private\products\Notion\Private & Shared\Ethical Travel 30 Destinations Worth the Journey\Destinations-Top-100-assets\prague.jpg
50,Budapest,Hungary,Europe,pexels,https://images.pexels.com/photos/18815996/pexels-photo-18815996.jpeg?auto=compress&cs=tinysrgb&fit=crop&h=627&w=1200,Efrem  Efre,Pexels License,https://www.pexels.com/photo/parliament-building-in-budapest-18815996/,https://wikitravel.org/en/Budapest,f:\Development\travel\private\products\Notion\Private & Shared\Ethical Travel 30 Destinations Worth the Journey\Destinations-Top-100-assets\budapest.jpg
51,Athens,Greece,Europe,pexels,https://images.pexels.com/photos/13356918/pexels-photo-13356918.jpeg?auto=compress&cs=tinysrgb&fit=crop&h=627&w=1200,David Iglesias,Pexels License,https://www.pexels.com/photo/dense-architecture-of-city-13356918/,https://wikitravel.org/en/Athens,f:\Development\travel\private\products\Notion\Private & Shared\Ethical Travel 30 Destinations Worth the Journey\Destinations-Top-100-assets\athens.jpg
52,Santorini,Greece,Europe,pexels,https://images.pexels.com/photos/15532995/pexels-photo-15532995.jpeg?auto=compress&cs=tinysrgb&fit=crop&h=627&w=1200,Diego F. Parra,Pexels License,https://www.pexels.com/photo/church-on-santorinin-in-greece-15532995/,https://wikitravel.org/en/Santorini,f:\Development\travel\private\products\Notion\Private & Shared\Ethical Travel 30 Destinations Worth the Journey\Destinations-Top-100-assets\santorini.jpg
53,Mykonos,Greece,Europe,pexels,https://images.pexels.com/photos/24244275/pexels-photo-24244275.jpeg?auto=compress&cs=tinysrgb&fit=crop&h=627&w=1200,Xavier Messina,Pexels License,https://www.pexels.com/photo/motorboats-on-sea-coast-in-town-24244275/,https://wikitravel.org/en/Mykonos,f:\Development\travel\private\products\Notion\Private & Shared\Ethical Travel 30 Destinations Worth the Journey\Destinations-Top-100-assets\mykonos.jpg
54,Dublin,Ireland,Europe,pexels,https://images.pexels.com/photos/33999754/pexels-photo-33999754.jpeg?auto=compress&cs=tinysrgb&fit=crop&h=627&w=1200,Adrien Olichon,Pexels License,https://www.pexels.com/photo/vibrant-dublin-cityscape-with-iconic-river-view-33999754/,https://wikitravel.org/en/Dublin,f:\Development\travel\private\products\Notion\Private & Shared\Ethical Travel 30 Destinations Worth the Journey\Destinations-Top-100-assets\dublin.jpg
55,Edinburgh,Scotland,Europe,pexels,https://images.pexels.com/photos/6013001/pexels-photo-6013001.jpeg?auto=compress&cs=tinysrgb&fit=crop&h=627&w=1200,Oriel Frankie Ashcroft,Pexels License,https://www.pexels.com/photo/aerial-view-of-city-buildings-6013001/,https://wikitravel.org/en/Edinburgh,f:\Development\travel\private\products\Notion\Private & Shared\Ethical Travel 30 Destinations Worth the Journey\Destinations-Top-100-assets\edinburgh.jpg
56,Zurich,Switzerland,Europe,pexels,https://images.pexels.com/photos/28445206/pexels-photo-28445206.jpeg?auto=compress&cs=tinysrgb&fit=crop&h=627&w=1200,OConnor Studios,Pexels License,https://www.pexels.com/photo/aerial-view-of-zurich-cityscape-with-river-and-historic-buildings-28445206/,https://wikitravel.org/en/Zurich,f:\Development\travel\private\products\Notion\Private & Shared\Ethical Travel 30 Destinations Worth the Journey\Destinations-Top-100-assets\zurich.jpg
57,Interlaken,Switzerland,Europe,pexels,https://images.pexels.com/photos/37485922/pexels-photo-37485922.jpeg?auto=compress&cs=tinysrgb&fit=crop&h=627&w=1200,Natalia Sevruk,Pexels License,https://www.pexels.com/photo/charming-interlaken-riverside-architecture-37485922/,https://wikitravel.org/en/Interlaken,f:\Development\travel\private\products\Notion\Private & Shared\Ethical Travel 30 Destinations Worth the Journey\Destinations-Top-100-assets\interlaken.jpg
58,Copenhagen,Denmark,Europe,pexels,https://images.pexels.com/photos/34776817/pexels-photo-34776817.jpeg?auto=compress&cs=tinysrgb&fit=crop&h=627&w=1200,Charlie Jordan,Pexels License,https://www.pexels.com/photo/sunny-day-by-waterfront-in-copenhagen-denmark-34776817/,https://wikitravel.org/en/Copenhagen,f:\Development\travel\private\products\Notion\Private & Shared\Ethical Travel 30 Destinations Worth the Journey\Destinations-Top-100-assets\copenhagen.jpg
59,Stockholm,Sweden,Europe,pexels,https://images.pexels.com/photos/30158443/pexels-photo-30158443.jpeg?auto=compress&cs=tinysrgb&fit=crop&h=627&w=1200,Jakob Stöberl,Pexels License,https://www.pexels.com/photo/scenic-view-of-stockholm-skyline-at-daytime-30158443/,https://wikitravel.org/en/Stockholm,f:\Development\travel\private\products\Notion\Private & Shared\Ethical Travel 30 Destinations Worth the Journey\Destinations-Top-100-assets\stockholm.jpg
60,Oslo,Norway,Europe,pexels,https://images.pexels.com/photos/9224463/pexels-photo-9224463.jpeg?auto=compress&cs=tinysrgb&fit=crop&h=627&w=1200,Barnabas Davoti,Pexels License,https://www.pexels.com/photo/cityscape-during-night-time-9224463/,https://wikitravel.org/en/Oslo,f:\Development\travel\private\products\Notion\Private & Shared\Ethical Travel 30 Destinations Worth the Journey\Destinations-Top-100-assets\oslo.jpg
61,New York City,USA,Americas,pexels,https://images.pexels.com/photos/1461370/pexels-photo-1461370.jpeg?auto=compress&cs=tinysrgb&fit=crop&h=627&w=1200,Vlad Alexandru Popa,Pexels License,https://www.pexels.com/photo/commercial-buildings-1461370/,https://wikitravel.org/en/New_York_City,f:\Development\travel\private\products\Notion\Private & Shared\Ethical Travel 30 Destinations Worth the Journey\Destinations-Top-100-assets\new-york-city.jpg
62,Los Angeles,USA,Americas,pexels,https://images.pexels.com/photos/35291216/pexels-photo-35291216.jpeg?auto=compress&cs=tinysrgb&fit=crop&h=627&w=1200,Stephen Leonardi,Pexels License,https://www.pexels.com/photo/stunning-night-cityscape-of-downtown-los-angeles-35291216/,https://wikitravel.org/en/Los_Angeles,f:\Development\travel\private\products\Notion\Private & Shared\Ethical Travel 30 Destinations Worth the Journey\Destinations-Top-100-assets\los-angeles.jpg
63,San Francisco,USA,Americas,pexels,https://images.pexels.com/photos/29536601/pexels-photo-29536601.jpeg?auto=compress&cs=tinysrgb&fit=crop&h=627&w=1200,David McElwee,Pexels License,https://www.pexels.com/photo/san-francisco-skyline-at-sunset-29536601/,https://wikitravel.org/en/San_Francisco,f:\Development\travel\private\products\Notion\Private & Shared\Ethical Travel 30 Destinations Worth the Journey\Destinations-Top-100-assets\san-francisco.jpg
64,Las Vegas,USA,Americas,pexels,https://images.pexels.com/photos/5447716/pexels-photo-5447716.jpeg?auto=compress&cs=tinysrgb&fit=crop&h=627&w=1200,David Vives,Pexels License,https://www.pexels.com/photo/welcome-to-fabulous-las-vegas-nevada-signage-5447716/,https://wikitravel.org/en/Las_Vegas,f:\Development\travel\private\products\Notion\Private & Shared\Ethical Travel 30 Destinations Worth the Journey\Destinations-Top-100-assets\las-vegas.jpg
65,Miami,USA,Americas,pexels,https://images.pexels.com/photos/19705160/pexels-photo-19705160.jpeg?auto=compress&cs=tinysrgb&fit=crop&h=627&w=1200,Alain Garcia,Pexels License,https://www.pexels.com/photo/illuminated-skyline-of-miami-at-night-19705160/,https://wikitravel.org/en/Miami,f:\Development\travel\private\products\Notion\Private & Shared\Ethical Travel 30 Destinations Worth the Journey\Destinations-Top-100-assets\miami.jpg
66,Orlando,USA,Americas,pexels,https://images.pexels.com/photos/34936498/pexels-photo-34936498.jpeg?auto=compress&cs=tinysrgb&fit=crop&h=627&w=1200,Simon Steiner,Pexels License,https://www.pexels.com/photo/scenic-view-of-orlando-skyline-from-lake-eola-34936498/,https://wikitravel.org/en/Orlando,f:\Development\travel\private\products\Notion\Private & Shared\Ethical Travel 30 Destinations Worth the Journey\Destinations-Top-100-assets\orlando.jpg
67,"Washington, DC",USA,Americas,pexels,https://images.pexels.com/photos/31305641/pexels-photo-31305641.jpeg?auto=compress&cs=tinysrgb&fit=crop&h=627&w=1200,ale.studio_17 .,Pexels License,https://www.pexels.com/photo/tourist-at-united-states-capitol-building-31305641/,"https://wikitravel.org/en/Washington,_DC",f:\Development\travel\private\products\Notion\Private & Shared\Ethical Travel 30 Destinations Worth the Journey\Destinations-Top-100-assets\washington-dc.jpg
68,Chicago,USA,Americas,pexels,https://images.pexels.com/photos/28281008/pexels-photo-28281008.jpeg?auto=compress&cs=tinysrgb&fit=crop&h=627&w=1200,Mik Dominguez,Pexels License,https://www.pexels.com/photo/a-river-runs-through-a-city-with-tall-buildings-28281008/,https://wikitravel.org/en/Chicago,f:\Development\travel\private\products\Notion\Private & Shared\Ethical Travel 30 Destinations Worth the Journey\Destinations-Top-100-assets\chicago.jpg
69,Honolulu,USA,Americas,pexels,https://images.pexels.com/photos/28134944/pexels-photo-28134944.jpeg?auto=compress&cs=tinysrgb&fit=crop&h=627&w=1200,Stephen Leonardi,Pexels License,https://www.pexels.com/photo/the-view-from-the-top-of-a-mountain-overlooking-the-ocean-28134944/,https://wikitravel.org/en/Honolulu,f:\Development\travel\private\products\Notion\Private & Shared\Ethical Travel 30 Destinations Worth the Journey\Destinations-Top-100-assets\honolulu.jpg
70,Cancun,Mexico,Americas,pexels,https://images.pexels.com/photos/20210509/pexels-photo-20210509.jpeg?auto=compress&cs=tinysrgb&fit=crop&h=627&w=1200,Israel Torres,Pexels License,https://www.pexels.com/photo/summer-resort-on-sea-shore-in-cancun-20210509/,https://wikitravel.org/en/Cancun,f:\Development\travel\private\products\Notion\Private & Shared\Ethical Travel 30 Destinations Worth the Journey\Destinations-Top-100-assets\cancun.jpg
71,Mexico City,Mexico,Americas,pexels,https://images.pexels.com/photos/19911890/pexels-photo-19911890.jpeg?auto=compress&cs=tinysrgb&fit=crop&h=627&w=1200,FranDany,Pexels License,https://www.pexels.com/photo/cityscape-of-mexico-city-19911890/,https://wikitravel.org/en/Mexico_City,f:\Development\travel\private\products\Notion\Private & Shared\Ethical Travel 30 Destinations Worth the Journey\Destinations-Top-100-assets\mexico-city.jpg
72,Tulum,Mexico,Americas,pexels,https://images.pexels.com/photos/20992201/pexels-photo-20992201.jpeg?auto=compress&cs=tinysrgb&fit=crop&h=627&w=1200,Exequiel Labiano,Pexels License,https://www.pexels.com/photo/photo-of-tropical-plants-on-a-coast-20992201/,https://wikitravel.org/en/Tulum,f:\Development\travel\private\products\Notion\Private & Shared\Ethical Travel 30 Destinations Worth the Journey\Destinations-Top-100-assets\tulum.jpg
73,Toronto,Canada,Americas,pexels,https://images.pexels.com/photos/25696388/pexels-photo-25696388.jpeg?auto=compress&cs=tinysrgb&fit=crop&h=627&w=1200,Héctor Berganza,Pexels License,https://www.pexels.com/photo/cn-tower-and-toronto-cityscape-at-sunset-25696388/,https://wikitravel.org/en/Toronto,f:\Development\travel\private\products\Notion\Private & Shared\Ethical Travel 30 Destinations Worth the Journey\Destinations-Top-100-assets\toronto.jpg
74,Vancouver,Canada,Americas,pexels,https://images.pexels.com/photos/29072584/pexels-photo-29072584.jpeg?auto=compress&cs=tinysrgb&fit=crop&h=627&w=1200,Luke Lawreszuk,Pexels License,https://www.pexels.com/photo/vancouver-skyline-with-mountains-and-marina-29072584/,https://wikitravel.org/en/Vancouver,f:\Development\travel\private\products\Notion\Private & Shared\Ethical Travel 30 Destinations Worth the Journey\Destinations-Top-100-assets\vancouver.jpg
75,Montreal,Canada,Americas,pexels,https://images.pexels.com/photos/2889701/pexels-photo-2889701.jpeg?auto=compress&cs=tinysrgb&fit=crop&h=627&w=1200,Céline Chamiot-Poncet,Pexels License,https://www.pexels.com/photo/aerial-view-of-buildings-2889701/,https://wikitravel.org/en/Montreal,f:\Development\travel\private\products\Notion\Private & Shared\Ethical Travel 30 Destinations Worth the Journey\Destinations-Top-100-assets\montreal.jpg
76,Banff,Canada,Americas,pexels,https://images.pexels.com/photos/19329509/pexels-photo-19329509.jpeg?auto=compress&cs=tinysrgb&fit=crop&h=627&w=1200,기승 Ki,Pexels License,https://www.pexels.com/photo/a-hotel-in-mountains-19329509/,https://wikitravel.org/en/Banff,f:\Development\travel\private\products\Notion\Private & Shared\Ethical Travel 30 Destinations Worth the Journey\Destinations-Top-100-assets\banff.jpg
77,Havana,Cuba,Americas,pexels,https://images.pexels.com/photos/35342062/pexels-photo-35342062.jpeg?auto=compress&cs=tinysrgb&fit=crop&h=627&w=1200,David Pospíšil,Pexels License,https://www.pexels.com/photo/vintage-car-on-a-vibrant-havana-street-35342062/,https://wikitravel.org/en/Havana,f:\Development\travel\private\products\Notion\Private & Shared\Ethical Travel 30 Destinations Worth the Journey\Destinations-Top-100-assets\havana.jpg
78,Punta Cana,Dominican Republic,Americas,pexels,https://images.pexels.com/photos/2646066/pexels-photo-2646066.jpeg?auto=compress&cs=tinysrgb&fit=crop&h=627&w=1200,Leonardo Rossatti,Pexels License,https://www.pexels.com/photo/seashore-under-blue-sky-2646066/,https://wikitravel.org/en/Punta_Cana,f:\Development\travel\private\products\Notion\Private & Shared\Ethical Travel 30 Destinations Worth the Journey\Destinations-Top-100-assets\punta-cana.jpg
79,San Juan,Puerto Rico,Americas,pexels,https://images.pexels.com/photos/15305908/pexels-photo-15305908.jpeg?auto=compress&cs=tinysrgb&fit=crop&h=627&w=1200,Diego F. Parra,Pexels License,https://www.pexels.com/photo/panorama-of-san-juan-on-puerto-rico-15305908/,https://wikitravel.org/en/San_Juan,f:\Development\travel\private\products\Notion\Private & Shared\Ethical Travel 30 Destinations Worth the Journey\Destinations-Top-100-assets\san-juan.jpg
80,Cartagena,Colombia,Americas,pexels,https://images.pexels.com/photos/13804522/pexels-photo-13804522.jpeg?auto=compress&cs=tinysrgb&fit=crop&h=627&w=1200,Maria Paula Medina,Pexels License,https://www.pexels.com/photo/traditional-houses-in-the-center-of-cartagena-colombia-13804522/,https://wikitravel.org/en/Cartagena,f:\Development\travel\private\products\Notion\Private & Shared\Ethical Travel 30 Destinations Worth the Journey\Destinations-Top-100-assets\cartagena.jpg
81,Bogota,Colombia,Americas,pexels,https://images.pexels.com/photos/13823694/pexels-photo-13823694.jpeg?auto=compress&cs=tinysrgb&fit=crop&h=627&w=1200,Daniel Cely,Pexels License,https://www.pexels.com/photo/aerial-view-of-downtown-bogota-colombia-13823694/,https://wikitravel.org/en/Bogota,f:\Development\travel\private\products\Notion\Private & Shared\Ethical Travel 30 Destinations Worth the Journey\Destinations-Top-100-assets\bogota.jpg
82,Lima,Peru,Americas,pexels,https://images.pexels.com/photos/13708160/pexels-photo-13708160.jpeg?auto=compress&cs=tinysrgb&fit=crop&h=627&w=1200,Qingju Wen,Pexels License,https://www.pexels.com/photo/concrete-buildings-in-the-city-13708160/,https://wikitravel.org/en/Lima,f:\Development\travel\private\products\Notion\Private & Shared\Ethical Travel 30 Destinations Worth the Journey\Destinations-Top-100-assets\lima.jpg
83,Cusco,Peru,Americas,pexels,https://images.pexels.com/photos/5198285/pexels-photo-5198285.jpeg?auto=compress&cs=tinysrgb&fit=crop&h=627&w=1200,Julia Volk,Pexels License,https://www.pexels.com/photo/cityscape-of-medieval-church-and-houses-with-old-tile-roof-in-cusco-peru-5198285/,https://wikitravel.org/en/Cusco,f:\Development\travel\private\products\Notion\Private & Shared\Ethical Travel 30 Destinations Worth the Journey\Destinations-Top-100-assets\cusco.jpg
84,Machu Picchu,Peru,Americas,pexels,https://images.pexels.com/photos/37885473/pexels-photo-37885473.jpeg?auto=compress&cs=tinysrgb&fit=crop&h=627&w=1200,Laura Rudi,Pexels License,https://www.pexels.com/photo/scenic-view-of-machu-picchu-in-cuzco-peru-37885473/,https://wikitravel.org/en/Machu_Picchu,f:\Development\travel\private\products\Notion\Private & Shared\Ethical Travel 30 Destinations Worth the Journey\Destinations-Top-100-assets\machu-picchu.jpg
85,Rio de Janeiro,Brazil,Americas,pexels,https://images.pexels.com/photos/11051182/pexels-photo-11051182.jpeg?auto=compress&cs=tinysrgb&fit=crop&h=627&w=1200,Danilo Marcelino,Pexels License,https://www.pexels.com/photo/seaside-city-architecture-11051182/,https://wikitravel.org/en/Rio_de_Janeiro,f:\Development\travel\private\products\Notion\Private & Shared\Ethical Travel 30 Destinations Worth the Journey\Destinations-Top-100-assets\rio-de-janeiro.jpg
86,Sao Paulo,Brazil,Americas,pexels,https://images.pexels.com/photos/281514/pexels-photo-281514.jpeg?auto=compress&cs=tinysrgb&fit=crop&h=627&w=1200,Kaique Rocha,Pexels License,https://www.pexels.com/photo/aerial-photography-of-central-park-in-new-york-281514/,https://wikitravel.org/en/Sao_Paulo,f:\Development\travel\private\products\Notion\Private & Shared\Ethical Travel 30 Destinations Worth the Journey\Destinations-Top-100-assets\sao-paulo.jpg
87,Iguazu Falls,Argentina/Brazil,Americas,pexels,https://images.pexels.com/photos/33688088/pexels-photo-33688088.jpeg?auto=compress&cs=tinysrgb&fit=crop&h=627&w=1200,G Cicconeto,Pexels License,https://www.pexels.com/photo/iguassu-falls-at-sunrise-in-brazil-33688088/,https://wikitravel.org/en/Iguazu_Falls,f:\Development\travel\private\products\Notion\Private & Shared\Ethical Travel 30 Destinations Worth the Journey\Destinations-Top-100-assets\iguazu-falls.jpg
88,Buenos Aires,Argentina,Americas,pexels,https://images.pexels.com/photos/35895237/pexels-photo-35895237.jpeg?auto=compress&cs=tinysrgb&fit=crop&h=627&w=1200,Domenico Cervini,Pexels License,https://www.pexels.com/photo/floralis-generica-in-buenos-aires-park-35895237/,https://wikitravel.org/en/Buenos_Aires,f:\Development\travel\private\products\Notion\Private & Shared\Ethical Travel 30 Destinations Worth the Journey\Destinations-Top-100-assets\buenos-aires.jpg
89,Santiago,Chile,Americas,pexels,https://images.pexels.com/photos/37136626/pexels-photo-37136626.jpeg?auto=compress&cs=tinysrgb&fit=crop&h=627&w=1200,Alexis Leandro Jeria Bocca,Pexels License,https://www.pexels.com/photo/stunning-sunset-over-santiago-modern-skyline-37136626/,https://wikitravel.org/en/Santiago,f:\Development\travel\private\products\Notion\Private & Shared\Ethical Travel 30 Destinations Worth the Journey\Destinations-Top-100-assets\santiago.jpg
90,Patagonia,Chile/Argentina,Americas,pexels,https://images.pexels.com/photos/28410690/pexels-photo-28410690.jpeg?auto=compress&cs=tinysrgb&fit=crop&h=627&w=1200,Sergey Guk,Pexels License,https://www.pexels.com/photo/patagonian-autumn-scene-with-glacial-mountains-28410690/,https://wikitravel.org/en/Patagonia,f:\Development\travel\private\products\Notion\Private & Shared\Ethical Travel 30 Destinations Worth the Journey\Destinations-Top-100-assets\patagonia.jpg
91,Sydney,Australia,Oceania,pexels,https://images.pexels.com/photos/26834515/pexels-photo-26834515.jpeg?auto=compress&cs=tinysrgb&fit=crop&h=627&w=1200,Donovan Kelly,Pexels License,https://www.pexels.com/photo/various-sailboats-under-the-sydney-harbour-bridge-26834515/,https://wikitravel.org/en/Sydney,f:\Development\travel\private\products\Notion\Private & Shared\Ethical Travel 30 Destinations Worth the Journey\Destinations-Top-100-assets\sydney.jpg
92,Melbourne,Australia,Oceania,pexels,https://images.pexels.com/photos/8436835/pexels-photo-8436835.jpeg?auto=compress&cs=tinysrgb&fit=crop&h=627&w=1200,John Simmons,Pexels License,https://www.pexels.com/photo/modern-melbourne-skyscrapers-next-to-the-neo-gothic-cathedral-and-19th-century-princes-bridge-8436835/,https://wikitravel.org/en/Melbourne,f:\Development\travel\private\products\Notion\Private & Shared\Ethical Travel 30 Destinations Worth the Journey\Destinations-Top-100-assets\melbourne.jpg
93,Brisbane,Australia,Oceania,pexels,https://images.pexels.com/photos/28100965/pexels-photo-28100965.jpeg?auto=compress&cs=tinysrgb&fit=crop&h=627&w=1200,manvinder social,Pexels License,https://www.pexels.com/photo/a-view-of-the-city-skyline-from-the-water-28100965/,https://wikitravel.org/en/Brisbane,f:\Development\travel\private\products\Notion\Private & Shared\Ethical Travel 30 Destinations Worth the Journey\Destinations-Top-100-assets\brisbane.jpg
94,Gold Coast,Australia,Oceania,pexels,https://images.pexels.com/photos/2424926/pexels-photo-2424926.jpeg?auto=compress&cs=tinysrgb&fit=crop&h=627&w=1200,Nathan Cowley,Pexels License,https://www.pexels.com/photo/photo-of-beach-near-buildings-2424926/,https://wikitravel.org/en/Gold_Coast,f:\Development\travel\private\products\Notion\Private & Shared\Ethical Travel 30 Destinations Worth the Journey\Destinations-Top-100-assets\gold-coast.jpg
95,Cairns,Australia,Oceania,pexels,https://images.pexels.com/photos/37866575/pexels-photo-37866575.jpeg?auto=compress&cs=tinysrgb&fit=crop&h=627&w=1200,Relaxing Journeys,Pexels License,https://www.pexels.com/photo/sunny-day-at-cairns-esplanade-lagoon-37866575/,https://wikitravel.org/en/Cairns,f:\Development\travel\private\products\Notion\Private & Shared\Ethical Travel 30 Destinations Worth the Journey\Destinations-Top-100-assets\cairns.jpg
96,Great Barrier Reef,Australia,Oceania,pexels,https://images.pexels.com/photos/34492256/pexels-photo-34492256.jpeg?auto=compress&cs=tinysrgb&fit=crop&h=627&w=1200,Martins OPO,Pexels License,https://www.pexels.com/photo/vibrant-coral-reef-underwater-in-australia-34492256/,https://wikitravel.org/en/Great_Barrier_Reef,f:\Development\travel\private\products\Notion\Private & Shared\Ethical Travel 30 Destinations Worth the Journey\Destinations-Top-100-assets\great-barrier-reef.jpg
97,Perth,Australia,Oceania,pexels,https://images.pexels.com/photos/6761495/pexels-photo-6761495.jpeg?auto=compress&cs=tinysrgb&fit=crop&h=627&w=1200,Rachel Claire,Pexels License,https://www.pexels.com/photo/city-of-perth-under-a-blue-sky-6761495/,https://wikitravel.org/en/Perth,f:\Development\travel\private\products\Notion\Private & Shared\Ethical Travel 30 Destinations Worth the Journey\Destinations-Top-100-assets\perth.jpg
98,Auckland,New Zealand,Oceania,pexels,https://images.pexels.com/photos/32947327/pexels-photo-32947327.jpeg?auto=compress&cs=tinysrgb&fit=crop&h=627&w=1200,Ollie Craig,Pexels License,https://www.pexels.com/photo/aerial-view-of-auckland-skyline-with-harbor-bridge-32947327/,https://wikitravel.org/en/Auckland,f:\Development\travel\private\products\Notion\Private & Shared\Ethical Travel 30 Destinations Worth the Journey\Destinations-Top-100-assets\auckland.jpg
99,Queenstown,New Zealand,Oceania,pexels,https://images.pexels.com/photos/724963/pexels-photo-724963.png?auto=compress&cs=tinysrgb&fit=crop&h=627&w=1200,Ketan Kumawat,Pexels License,https://www.pexels.com/photo/green-island-in-the-middle-of-the-lake-during-daytime-724963/,https://wikitravel.org/en/Queenstown,f:\Development\travel\private\products\Notion\Private & Shared\Ethical Travel 30 Destinations Worth the Journey\Destinations-Top-100-assets\queenstown.jpg
100,Fiji (Nadi),Fiji,Oceania,pexels,https://images.pexels.com/photos/26087992/pexels-photo-26087992.jpeg?auto=compress&cs=tinysrgb&fit=crop&h=627&w=1200,Josh Withers,Pexels License,https://www.pexels.com/photo/clouds-over-ocean-26087992/,,f:\Development\travel\private\products\Notion\Private & Shared\Ethical Travel 30 Destinations Worth the Journey\Destinations-Top-100-assets\fiji-nadi.jpg
